{
  "name": "SkyBlue",
  "author": "SizzlinBacen",
  //Done
  "workspaceBackground": [
    138,
    205,
    255
  ],
  //Done
  "windowBorder": [
    36,
    131,
    255
  ],
  //Done
  "windowBackground": [
    88,
    155,
    243
  ],
  //Done
  "tabBorder": [
    159,
    230,
    255
  ],
  //Done
  "tabSideInactive": [
    159,
    230,
    255
  ],
  //Done
  "elementInputBackgroundInactive": [
    166,
    217,
    255
  ],
  //Done
  "elementInputBackgroundHover": [
    201,
    232,
    255
  ],
  //Done
  "elementInputBorder": [
    0,
    128,
    255
  ],
  //Done
  "elementInputUpDownHover": [
    20,
    148,
    225
  ],
  //Done
  "elementInputUpDownClick": [
    50,
    178,
    225
  ],
  //Done  
  "elementButtonBackgroundInactive": [
    166,
    217,
    255
  ],
  //Done
  "elementButtonBackgroundHover": [
    186,
    237,
    255
  ],
  //Done
  "elementButtonBorder": [
    0,
    128,
    225
  ],
  //Done
  "elementButtonClick": [
    20,
    148,
    225
  ],
  //Done
  "elementButtonToggle": [
    166,
    217,
    255
  ],
  //Done
  "elementButtonToggleHover": [
    0,
    128,
    255
  ],
  //Done
  "elementProjectTabActive": [
    92,
    185,
    255
  ],
  //Done
  "elementProjectTabHover": [
    62,
    165,
    235
  ],
 
  //Done
  "elementProjectTabFont": [
    200,
    200,
    200
  ],
  //Done
  "elementProjectTabFontChanges": [
    255,
    255,
    255
  ],
  //Done
  "elementTreeBorder": [
    36,
    131,
    255
  ],
  //Done
  "elementTreeScrollBar": [
    166,
    217,
    255
  ],
  //Done
  "elementTreeScrollBarBorder": [
    36,
    131,
    255
  ],
  //Done
  "elementTreeItemBorder": [
    36,
    131,
    255
  ],
  //Done
  "elementTreeItemBg": [
    166,
    217,
    255
  ],
  //Done
  "elementTreeItemBgSelect": [
    146,
    187,
    255
  ],
  //Done
  "elementTreeItemBgHover": [
    201,
    232,
    255
  ],
 
  //Done
  "fontChat": [
    51,
    51,
    225
  ],
 
  //Done
  "font": [
    255,
    255,
    255
  ],
  //Done
  "fontDim": [
    255,
    255,
    255
  ],
 
  //Done
  "workspaceBlock": {
    "block": "minecraft:ice",
    "metadata": 1
  }
}